Image,Method,EdgeDensity(%),PrattFOM_vs_Canny,Runtime(ms),EdgeDensity_Noisy(%),Runtime_Noisy(ms)
cameraman,Sobel,11.55,0.928,14.418,42.53,12.255
cameraman,Prewitt,12.34,0.946,12.634,41.03,12.75
cameraman,Roberts,11.64,0.917,10.882,52.98,11.369
cameraman,LoG,9.91,0.71,13.254,18.88,13.121
cameraman,Canny,11.82,1.0,19.17,36.41,6.536
cameraman,DWT,16.05,0.925,27.581,88.03,13.592
cat_photo,Sobel,24.07,0.872,5.571,72.6,5.61
cat_photo,Prewitt,23.28,0.873,5.717,73.03,6.369
cat_photo,Roberts,18.44,0.898,5.121,80.09,5.146
cat_photo,LoG,17.56,0.815,5.224,35.06,5.609
cat_photo,Canny,13.45,1.0,2.078,37.38,2.708
cat_photo,DWT,35.02,0.86,5.309,99.47,4.656
medical_like,Sobel,50.4,0.919,11.949,76.36,12.327
medical_like,Prewitt,50.45,0.92,14.809,77.89,12.101
medical_like,Roberts,47.98,0.908,11.106,82.9,11.314
medical_like,LoG,43.32,0.87,12.763,48.01,13.468
medical_like,Canny,26.77,1.0,2.517,37.9,3.902
medical_like,DWT,72.1,0.888,13.377,99.54,13.765
